author_count,date_present,references_present,preprint,credibility
0,0,0,0,0.05
0,0,0,1,0.01
0,1,0,0,0.15
0,1,1,0,0.30
0,1,1,1,0.12
1,0,0,0,0.20
1,1,0,0,0.35
1,1,1,0,0.50
1,1,1,1,0.25
2,0,0,0,0.30
2,1,0,0,0.45
2,1,1,0,0.60
2,1,1,1,0.35
3,0,0,0,0.35
3,1,0,0,0.50
3,1,1,0,0.70
3,1,1,1,0.45
5,0,0,0,0.45
5,1,0,0,0.60
5,1,1,0,0.80
5,1,1,1,0.50
8,1,0,0,0.70
8,1,1,0,0.88
8,1,1,1,0.55
10,1,0,0,0.75
10,1,1,0,0.92
10,1,1,1,0.58
15,1,0,0,0.80
15,1,1,0,0.96
15,1,1,1,0.60
20,1,0,0,0.82
20,1,1,0,0.98
20,1,1,1,0.60